Title,Description,Company,Salary From,Salary To,Currency,Offer URL,Technologies,Added At
html Coder,"We have an ongoing need for HTML coders working offsite on a CONTRACT basis.
 Hand-write basic, clean html code on a contract basis.",Resmatic Inc.,unknown,unknown,unknown,https://www.indeed.com/rc/clk?jk=f987180e50415756&fccid=69d685166f3675d8&vjs=3,,2023-09-04
Fullstack Developer,"As a Software developer Senior you are responsible for design and develop web applications, ensuring the responsiveness, reliability, availability, co-working…",Mojix,unknown,unknown,unknown,https://www.indeed.com/rc/clk?jk=02506efd8686be74&fccid=93a2d7899e98beea&vjs=3,,2023-10-04
Web Developer,"1800Flowers.com is seeking a mid-level engineer with experience in JavaScript development.
 The right candidate for this role will have be proficient in Node.",1-800-Flowers.com,unknown,unknown,unknown,https://www.indeed.com/rc/clk?jk=0f7ab5cd87a3c009&fccid=2591a885cb58d5d6&vjs=3,,2023-10-04
Software Engineer III - OpenSource JavaScript/React,"Looking for motivated developer who is up for working with emerging libraries and ones that don’t have fully documented code, such as regular-table, hyper-grid…",JPMorgan Chase & Co,unknown,unknown,unknown,https://www.indeed.com/rc/clk?jk=04c20af02ac1c21d&fccid=c46d0116f6e69eae&vjs=3,,2023-10-04
Entry Level Software Developer,"Design and develop dynamic Enterprise Web and Mobile applications Cyber Security, Supply Chain/Logistics, or Finance for a variety of clients like Verizon,…",EAI Technologies,unknown,unknown,unknown,https://www.indeed.com/rc/clk?jk=748ee35c13e744ae&fccid=0cafa571bc271ae0&vjs=3,,2023-09-04
Middle Front-end Engineer,"The successful candidate must have the ability to generate well-structured HTML pages from Figma prototype.
 Proficiency in HTML5 and CSS3.",NCube,unknown,unknown,unknown,https://www.indeed.com/rc/clk?jk=343fef69d9297ff3&fccid=468ec7cc9189b378&vjs=3,,2023-10-04
2024 University Graduate - Software Engineer,"Adobe is seeking talented and passionate Software Engineer across all organizations to help plan, design, develop, and test software systems or applications for…",Adobe,unknown,unknown,unknown,https://www.indeed.com/rc/clk?jk=bbb3aff62c7574bb&fccid=f89deb5a97c7738a&vjs=3,,2023-10-04
Entry level software developer,ASC’s goal is to make cloud-based service management quick and easy for Clients with a commitment to execute on time and budget.,Advance Solutions,unknown,unknown,unknown,https://www.indeed.com/rc/clk?jk=e3b396b059ce815f&fccid=a1102ca1e05b004c&vjs=3,,2023-09-04
Front End Developer (JavaScript/React),"In this age of disruption, organizations need to navigate the future with confidence by tapping into the power of data analytics, robotics, and cognitive…",Deloitte,unknown,unknown,unknown,https://www.indeed.com/rc/clk?jk=127e429149bc1381&fccid=9e215d88a6b33622&vjs=3,,2023-10-04
2024 Technology Early Career Development Program (Software or Data Engineer),"Wells Fargo is seeking talent to join the 2024 Technology Analyst Program.
 The Wells Fargo Technology Analyst Program is a strategically designed, 2 year…",Wells Fargo,unknown,unknown,unknown,https://www.indeed.com/rc/clk?jk=a553d1c7985748d1&fccid=78bbcd26e39621f5&vjs=3,,2023-09-04
Early Career 2024 - Software Engineer,"You'll have a unique opportunity to contribute to our engineering and transformation strategies, directly impacting our B2B & B2C initiatives that drive Dow…",Dow Jones,unknown,unknown,unknown,https://www.indeed.com/rc/clk?jk=496d76068ec653a1&fccid=d2621f51dde471d3&vjs=3,,2023-09-22
FrontEnd Developer | Texas,Years of Experience - Max (4+ years).,Photon,unknown,unknown,unknown,https://www.indeed.com/rc/clk?jk=a3a0b730292c24a4&fccid=2385f8ebf01f1b76&vjs=3,,2023-09-20
Software Developer,"Computer Science, Math, or Engineering fundamentals.
 Application development and implementation experience with Java, JavaScript, APIs, SQL/NoSQL, and New…",EAI Technologies,unknown,unknown,unknown,https://www.indeed.com/rc/clk?jk=7e5ab0133d6787f4&fccid=0cafa571bc271ae0&vjs=3,,2023-09-04
Junior Web Developer,We prioritize excellent customer support - at times you will work with customers to help resolve an issue or understand a feature requirement.,HealPay,unknown,unknown,unknown,https://www.indeed.com/rc/clk?jk=84e78087102e5db1&fccid=38a9e177e5d93e82&vjs=3,,2023-09-04
Software Engineer,"You will have opportunities to work on multiple layers of the technology stack, ranging from customer-focused user experience work, building scalable…",Microsoft,unknown,unknown,unknown,https://www.indeed.com/rc/clk?jk=9080cfc5be7cea2e&fccid=734cb5a01ee60f80&vjs=3,,2023-10-04
